Dataset2/DS2_train_match/,X6EJSyv4W6w,1,exciting,exciting,0,0
Dataset2/DS2_train_match/,y5uzNTavaX4,1,exciting,exciting,0,0
Dataset2/DS2_train_match/,pRocSOAAp14,1,exciting,exciting,0,0
Dataset2/DS2_train_match/,kglG0iHm7W4,1,exciting,exciting,0,0
Dataset2/DS2_train_match/,tNJ3Y2XthIU,1,exciting,exciting,0,0
Dataset2/DS2_train_match/,qkyGM_g4S0E,1,exciting,exciting,0,0
Dataset2/DS2_train_match/,Q2qYaGqeNCg,1,exciting,exciting,0,0
Dataset2/DS2_train_match/,R0xhkrjggys,1,exciting,exciting,0,0
Dataset2/DS2_train_match/,-Trz1JfLqMI,1,exciting,exciting,0,0
Dataset2/DS2_train_match/,SRYABOc7J-c,1,exciting,exciting,0,0
Dataset2/DS2_train_match/,oHuciHU6QRs,1,exciting,exciting,0,0
Dataset2/DS2_train_match/,hkBenoERptI,1,exciting,exciting,0,0
Dataset2/DS2_train_match/,3-bapkZx5ok,1,exciting,exciting,0,0
Dataset2/DS2_train_match/,wbi_yjDTJIo,1,exciting,exciting,0,0
Dataset2/DS2_train_match/,-JvB5AL59fM,1,exciting,exciting,0,0
Dataset2/DS2_train_match/,5dawje7LnjY,1,exciting,exciting,0,0
Dataset2/DS2_train_match/,s-U-JnL6TUI,1,exciting,exciting,0,0
Dataset2/DS2_train_match/,rIEAFZz2vGo,1,exciting,exciting,0,0
Dataset2/DS2_train_match/,0yWCgmuED6M,1,exciting,exciting,0,0
Dataset2/DS2_train_match/,aMqAqAS4VXg,1,exciting,exciting,0,0
Dataset2/DS2_train_match/,I2Mul_wfuow,1,exciting,exciting,0,0
Dataset2/DS2_train_match/,xlxxWFENWr8,1,exciting,exciting,0,0
Dataset2/DS2_train_match/,MbP_wrPJ1WQ,1,exciting,exciting,0,0
Dataset2/DS2_train_match/,5prYfMZQKh8,1,exciting,exciting,0,0
Dataset2/DS2_train_match/,P48qo3_0n5A,1,exciting,exciting,0,0
Dataset2/DS2_train_match/,-JhTvQgauL4,1,exciting,exciting,0,0
Dataset2/DS2_train_match/,Iz_eHQw37mY,1,exciting,exciting,0,0
Dataset2/DS2_train_match/,u-6LgkVJnt4,1,exciting,exciting,0,0
Dataset2/DS2_train_match/,-sKiuEosFBY,1,exciting,exciting,0,0
Dataset2/DS2_train_match/,2R3fOkJGfvQ,1,exciting,exciting,0,0
Dataset2/DS2_train_match/,EeKVLEvpEpo,1,exciting,exciting,0,0
Dataset2/DS2_train_match/,wsdH6cv4YkA,1,exciting,exciting,0,0
Dataset2/DS2_train_match/,MXXa9zgh89c,1,exciting,exciting,0,0
Dataset2/DS2_train_match/,-XOINU-l1_o,1,exciting,exciting,0,0
Dataset2/DS2_train_match/,gWezIvUoU64,1,exciting,exciting,0,0
Dataset2/DS2_train_match/,uPnpfxRx95c,1,exciting,exciting,0,0
Dataset2/DS2_train_match/,0bb7zvK4qnM,1,exciting,exciting,0,0
Dataset2/DS2_train_match/,0a9VVw7mEz0,1,exciting,exciting,0,0
Dataset2/DS2_train_match/,oSoP9Is0UH4,1,exciting,exciting,0,0
Dataset2/DS2_train_match/,21AAVL6RYyM,1,exciting,exciting,0,0
Dataset2/DS2_train_match/,5NdjH4Flww8,1,exciting,exciting,0,0
Dataset2/DS2_train_match/,0WVBYp7hmmg,1,exciting,exciting,0,0
Dataset2/DS2_train_match/,NVrdAqrW2XE,1,exciting,exciting,0,0
Dataset2/DS2_train_match/,bveaJyVYIQY,1,exciting,exciting,0,0
Dataset2/DS2_train_match/,wQHDyYTorAU,1,exciting,exciting,0,0
Dataset2/DS2_train_match/,uxYm8Hn9lWU,1,exciting,exciting,0,0
Dataset2/DS2_train_match/,lJA97o7eT1Y,1,exciting,exciting,0,0
Dataset2/DS2_train_match/,1DVdefTH20c,1,exciting,exciting,0,0
Dataset2/DS2_train_match/,-KLOHGpb6PY,1,exciting,exciting,0,0
Dataset2/DS2_train_match/,0AGqAT1z7sQ,1,exciting,exciting,0,0
Dataset2/DS2_train_match/,RKq-8Svarn0,1,exciting,exciting,0,0
Dataset2/DS2_train_match/,hxtieE9UO_s,1,exciting,exciting,0,0
Dataset2/DS2_train_match/,tJ5rEbRsT14,1,exciting,exciting,0,0
Dataset2/DS2_train_match/,1FT03eq18-k,1,exciting,exciting,0,0
Dataset2/DS2_train_match/,92uaPV1KDv4,1,exciting,exciting,0,0
Dataset2/DS2_train_match/,ap1NTPHD_O8,1,exciting,exciting,0,0
Dataset2/DS2_train_match/,6iS9NkRaRcc,1,exciting,exciting,0,0
Dataset2/DS2_train_match/,-c3P_X69Idg,1,exciting,exciting,0,0
Dataset2/DS2_train_match/,VSAbMy1Rlio,1,exciting,exciting,0,0
Dataset2/DS2_train_match/,T79zSkUGfxo,1,exciting,exciting,0,0
Dataset2/DS2_train_match/,GUkZkPDkGXU,1,exciting,exciting,0,0
Dataset2/DS2_train_match/,0xLZzasWcFA,1,exciting,exciting,0,0
Dataset2/DS2_train_match/,pARuJISpbc0,1,exciting,exciting,0,0
Dataset2/DS2_train_match/,jyU58L-yt5A,1,exciting,exciting,0,0
Dataset2/DS2_train_match/,-PFMmR0NQJo,1,exciting,exciting,0,0
Dataset2/DS2_train_match/,hUO0P8G0GdM,1,exciting,exciting,0,0
Dataset2/DS2_train_match/,1oHyKBC_C2U,1,exciting,exciting,0,0
Dataset2/DS2_train_match/,0ikRfEtSG3s,1,exciting,exciting,0,0
Dataset2/DS2_train_match/,rlMbpBBPqBM,1,exciting,exciting,0,0
Dataset2/DS2_train_match/,i14HN6zn3hU,1,exciting,exciting,0,0
Dataset2/DS2_train_match/,9zSysbi_M3c,1,exciting,exciting,0,0
Dataset2/DS2_train_match/,oLLZjfYslkA,1,exciting,exciting,0,0
Dataset2/DS2_train_match/,ubCXZDgxP98,1,exciting,exciting,0,0
Dataset2/DS2_train_match/,6Oni_GeGiXc,1,exciting,exciting,0,0
Dataset2/DS2_train_match/,0dCfWPKzx8o,1,exciting,exciting,0,0
Dataset2/DS2_train_match/,D0RnkzC5lJ0,1,exciting,exciting,0,0
Dataset2/DS2_train_match/,M42Vj1nkIcw,1,exciting,exciting,0,0
Dataset2/DS2_train_match/,qXL5HC-lKZ4,1,exciting,exciting,0,0
Dataset2/DS2_train_match/,61BVkHzgDcI,1,exciting,exciting,0,0
Dataset2/DS2_train_match/,b6b6dtwJI8I,1,exciting,exciting,0,0
Dataset2/DS2_train_match/,qUca4WJJk6o,1,exciting,exciting,0,0
Dataset2/DS2_train_match/,lFvclBS73Xg,1,exciting,exciting,0,0
Dataset2/DS2_train_match/,455g4H8Udl8,1,exciting,exciting,0,0
Dataset2/DS2_train_match/,QfbKlx3oBe8,1,exciting,exciting,0,0
Dataset2/DS2_train_match/,-4G_29Yl7P4,1,exciting,exciting,0,0
Dataset2/DS2_train_match/,d2ZHng6yQY0,1,exciting,exciting,0,0
Dataset2/DS2_train_match/,abQF6cZVoW8,1,exciting,exciting,0,0
Dataset2/DS2_train_match/,6ZbRZ0cEUR8,1,exciting,exciting,0,0
Dataset2/DS2_train_match/,0PFQRzYtZ70,1,exciting,exciting,0,0
Dataset2/DS2_train_match/,09bySv8ZWV8,1,exciting,exciting,0,0
Dataset2/DS2_train_match/,mZtSrYNXTd8,1,fear,fear,1,1
Dataset2/DS2_train_match/,jfxTOlXF3Kk,1,fear,fear,1,1
Dataset2/DS2_train_match/,QFGTogkeAFs,1,fear,fear,1,1
Dataset2/DS2_train_match/,m1XdpDlKJCQ,1,fear,fear,1,1
Dataset2/DS2_train_match/,B8U7sK5BGpU,1,fear,fear,1,1
Dataset2/DS2_train_match/,LpqOULl-jqI,1,fear,fear,1,1
Dataset2/DS2_train_match/,FzG8ZQAhKrE,1,fear,fear,1,1
Dataset2/DS2_train_match/,6ri-SBCguO0,1,fear,fear,1,1
Dataset2/DS2_train_match/,hXP6PG5KJWs,1,fear,fear,1,1
Dataset2/DS2_train_match/,ypn4EQzWt-U,1,fear,fear,1,1
Dataset2/DS2_train_match/,v7wUYxFTDbs,1,fear,fear,1,1
Dataset2/DS2_train_match/,kU1Y2eSDNuI,1,fear,fear,1,1
Dataset2/DS2_train_match/,wxKtBDKasgM,1,fear,fear,1,1
Dataset2/DS2_train_match/,Vb0jofDiSvc,1,fear,fear,1,1
Dataset2/DS2_train_match/,MfKSVJIcDK0,1,fear,fear,1,1
Dataset2/DS2_train_match/,z_VKBnaOw98,1,fear,fear,1,1
Dataset2/DS2_train_match/,7R_5a8zvLRw,1,fear,fear,1,1
Dataset2/DS2_train_match/,C7OIuhWSbjU,1,fear,fear,1,1
Dataset2/DS2_train_match/,UalShOmhCUU,1,fear,fear,1,1
Dataset2/DS2_train_match/,hj7VJnNq6A4,1,fear,fear,1,1
Dataset2/DS2_train_match/,40iJCE2LuRA,1,fear,fear,1,1
Dataset2/DS2_train_match/,VN-s-32q9yE,1,fear,fear,1,1
Dataset2/DS2_train_match/,LOuxJmtsC_Y,1,tense,tense,2,2
Dataset2/DS2_train_match/,BRNIRn1Our4,1,tense,tense,2,2
Dataset2/DS2_train_match/,MdsRmMxkF4k,1,tense,tense,2,2
Dataset2/DS2_train_match/,RH7U1llW-5I,1,tense,tense,2,2
Dataset2/DS2_train_match/,SYy2HPWTop8,1,tense,tense,2,2
Dataset2/DS2_train_match/,5_Z7Bb5U2PI,1,tense,tense,2,2
Dataset2/DS2_train_match/,-qiNM9bOBhY,1,tense,tense,2,2
Dataset2/DS2_train_match/,y48Vasg7HDo,1,tense,tense,2,2
Dataset2/DS2_train_match/,uoBVev0mKvE,1,tense,tense,2,2
Dataset2/DS2_train_match/,KgskuskVghs,1,tense,tense,2,2
Dataset2/DS2_train_match/,kJieyUS30y4,1,tense,tense,2,2
Dataset2/DS2_train_match/,5M6unTDaVIw,1,tense,tense,2,2
Dataset2/DS2_train_match/,3d5s8XmgRoM,1,tense,tense,2,2
Dataset2/DS2_train_match/,SxPSevM5i-E,1,tense,tense,2,2
Dataset2/DS2_train_match/,BT4env-Tw2o,1,tense,tense,2,2
Dataset2/DS2_train_match/,7gi1Gsgj2QE,1,tense,tense,2,2
Dataset2/DS2_train_match/,4OCMc6KrqSY,1,tense,tense,2,2
Dataset2/DS2_train_match/,BpYRH3lQv9E,1,tense,tense,2,2
Dataset2/DS2_train_match/,DX7QMBONX8M,1,tense,tense,2,2
Dataset2/DS2_train_match/,Le4aGNS8e0c,1,tense,tense,2,2
Dataset2/DS2_train_match/,RFUsxEZuq0k,1,tense,tense,2,2
Dataset2/DS2_train_match/,U3TpCc2zHrI,1,tense,tense,2,2
Dataset2/DS2_train_match/,d6nJpw11cWw,1,tense,tense,2,2
Dataset2/DS2_train_match/,33m9zCuQYXg,1,tense,tense,2,2
Dataset2/DS2_train_match/,-KT4oz0FfNw,1,tense,tense,2,2
Dataset2/DS2_train_match/,q96HnRg8qsc,1,tense,tense,2,2
Dataset2/DS2_train_match/,Cx0x4OJlskY,1,tense,tense,2,2
Dataset2/DS2_train_match/,7QdcrqCJ-fA,1,tense,tense,2,2
Dataset2/DS2_train_match/,gWaha2ka7AQ,1,tense,tense,2,2
Dataset2/DS2_train_match/,BSrtWIpk0es,1,sad,sad,3,3
Dataset2/DS2_train_match/,IjN1vUSxAiU,1,sad,sad,3,3
Dataset2/DS2_train_match/,r50dnc5U-D4,1,sad,sad,3,3
Dataset2/DS2_train_match/,J6lrdGbVeok,1,sad,sad,3,3
Dataset2/DS2_train_match/,dan6NdVxcHM,1,sad,sad,3,3
Dataset2/DS2_train_match/,3K3SiEB0J1o,1,sad,sad,3,3
Dataset2/DS2_train_match/,-gsW4JwO_8E,1,sad,sad,3,3
Dataset2/DS2_train_match/,5lHZ5zNodiE,1,sad,sad,3,3
Dataset2/DS2_train_match/,PYZVa4PAEEU,1,sad,sad,3,3
Dataset2/DS2_train_match/,6jBFu9c40jM,1,sad,sad,3,3
Dataset2/DS2_train_match/,PPPVx3JMMfM,1,sad,sad,3,3
Dataset2/DS2_train_match/,eV5O4DV_AaI,1,sad,sad,3,3
Dataset2/DS2_train_match/,9aE33JEIGOg,1,sad,sad,3,3
Dataset2/DS2_train_match/,yNIZaqTHUnc,1,sad,sad,3,3
Dataset2/DS2_train_match/,styjvzzpCK4,1,sad,sad,3,3
Dataset2/DS2_train_match/,4K8XCQGXqOw,1,sad,sad,3,3
Dataset2/DS2_train_match/,7cnY_L7MfO4,1,sad,sad,3,3
Dataset2/DS2_train_match/,EAIKWjZ7__U,1,sad,sad,3,3
Dataset2/DS2_train_match/,QahF1G1I7Kk,1,sad,sad,3,3
Dataset2/DS2_train_match/,HsPVG_wtVKA,1,sad,sad,3,3
Dataset2/DS2_train_match/,6psxyM9Sef4,1,sad,sad,3,3
Dataset2/DS2_train_match/,5S_yCdCZhVM,1,sad,sad,3,3
Dataset2/DS2_train_match/,XZ32sFktYEE,1,sad,sad,3,3
Dataset2/DS2_train_match/,0K55wwPK5M4,1,sad,sad,3,3
Dataset2/DS2_train_match/,NR-2TWIeYzg,1,sad,sad,3,3
Dataset2/DS2_train_match/,Gcbg0adzkZE,1,sad,sad,3,3
Dataset2/DS2_train_match/,E1qGzssAAlw,1,sad,sad,3,3
Dataset2/DS2_train_match/,FKAB31rm7xA,1,sad,sad,3,3
Dataset2/DS2_train_match/,12EzzKyqlnI,1,sad,sad,3,3
Dataset2/DS2_train_match/,H6ubZhgvS-8,1,sad,sad,3,3
Dataset2/DS2_train_match/,00qMXu5Msg8,1,sad,sad,3,3
Dataset2/DS2_train_match/,0kY1isykrrs,1,sad,sad,3,3
Dataset2/DS2_train_match/,6c71KZXCYIU,1,sad,sad,3,3
Dataset2/DS2_train_match/,z4InRHlwpJY,1,sad,sad,3,3
Dataset2/DS2_train_match/,ux-ERt7V_TA,1,sad,sad,3,3
Dataset2/DS2_train_match/,IAs3TNtYSCM,1,sad,sad,3,3
Dataset2/DS2_train_match/,DZpuq9lyVN8,1,sad,sad,3,3
Dataset2/DS2_train_match/,0yLLbB4ki9Y,1,sad,sad,3,3
Dataset2/DS2_train_match/,K5IH0XyVFwM,1,sad,sad,3,3
Dataset2/DS2_train_match/,uuA0wXsdGyc,1,sad,sad,3,3
Dataset2/DS2_train_match/,0Y5HGmG7JQA,1,sad,sad,3,3
Dataset2/DS2_train_match/,0QTqte-nSC8,1,sad,sad,3,3
Dataset2/DS2_train_match/,DqngMpdX6CU,1,sad,sad,3,3
Dataset2/DS2_train_match/,-FJz1nOE2bs,1,sad,sad,3,3
Dataset2/DS2_train_match/,M2GXs4mMy_k,1,sad,sad,3,3
Dataset2/DS2_train_match/,aQ5UFlvqQ7k,1,sad,sad,3,3
Dataset2/DS2_train_match/,ComX3efC4v8,1,sad,sad,3,3
Dataset2/DS2_train_match/,yvNgBH-ZvDs,1,sad,sad,3,3
Dataset2/DS2_train_match/,jiQACCe1Jdc,1,sad,sad,3,3
Dataset2/DS2_train_match/,uSYxy2JaK6M,1,sad,sad,3,3
Dataset2/DS2_train_match/,Mkjygj3D4IA,1,sad,sad,3,3
Dataset2/DS2_train_match/,WxJMJQLbweI,1,sad,sad,3,3
Dataset2/DS2_train_match/,L6-GM5sVeH4,1,sad,sad,3,3
Dataset2/DS2_train_match/,xPLm0hM7QNQ,1,sad,sad,3,3
Dataset2/DS2_train_match/,4SEjO_HdBqc,1,sad,sad,3,3
Dataset2/DS2_train_match/,5lwBL2nLV0w,1,sad,sad,3,3
Dataset2/DS2_train_match/,0rf7EDWGdZg,1,sad,sad,3,3
Dataset2/DS2_train_match/,-ajNocsXoKM,1,relax,relax,4,4
Dataset2/DS2_train_match/,0_hH79HnEdo,1,relax,relax,4,4
Dataset2/DS2_train_match/,NtPv2mCQDYM,1,relax,relax,4,4
Dataset2/DS2_train_match/,g5ZhI6hGybY,1,relax,relax,4,4
Dataset2/DS2_train_match/,6d57cNtGC20,1,relax,relax,4,4
Dataset2/DS2_train_match/,-LkQwKq5l98,1,relax,relax,4,4
Dataset2/DS2_train_match/,1A1HDiyUjMA,1,relax,relax,4,4
Dataset2/DS2_train_match/,1e3YAajUKBY,1,relax,relax,4,4
Dataset2/DS2_train_match/,1_eeURlfq_w,1,relax,relax,4,4
Dataset2/DS2_train_match/,0v6FBP5t17Q,1,relax,relax,4,4
Dataset2/DS2_train_match/,7Ou4u41IIfA,1,relax,relax,4,4
Dataset2/DS2_train_match/,-0PcwE9DJRE,1,relax,relax,4,4
Dataset2/DS2_train_match/,qZ_-5JplSVg,1,relax,relax,4,4
Dataset2/DS2_train_match/,0EgKlq8QtuI,1,relax,relax,4,4
Dataset2/DS2_train_match/,0U1IJUq8lGo,1,relax,relax,4,4
Dataset2/DS2_train_match/,056MQCc_0bk,1,relax,relax,4,4
Dataset2/DS2_train_match/,2GZSOKZd2dc,1,relax,relax,4,4
Dataset2/DS2_train_match/,54GYK6FGcZ4,1,relax,relax,4,4
Dataset2/DS2_train_match/,__Xfqlc7GbI,1,relax,relax,4,4
Dataset2/DS2_train_match/,VUHizby6u-I,1,relax,relax,4,4
Dataset2/DS2_train_match/,1VftmKqn9r8,1,relax,relax,4,4
Dataset2/DS2_train_match/,C59rXPDLoVc,1,relax,relax,4,4
Dataset2/DS2_train_match/,7DYHinmO8rs,1,relax,relax,4,4
Dataset2/DS2_train_match/,1IK4OeOqAEo,1,relax,relax,4,4
Dataset2/DS2_train_match/,MROotmz8a-U,1,relax,relax,4,4
Dataset2/DS2_train_match/,Xl4RSHQsnl8,1,relax,relax,4,4
Dataset2/DS2_train_match/,Ln37zl8-LEc,1,relax,relax,4,4
Dataset2/DS2_train_match/,9qGo-7UALp0,1,relax,relax,4,4
Dataset2/DS2_train_match/,287xcxZptdw,1,relax,relax,4,4
Dataset2/DS2_train_match/,49N_SaqRt50,1,relax,relax,4,4
Dataset2/DS2_train_match/,0-ztab6kSnY,1,relax,relax,4,4
Dataset2/DS2_train_match/,YjuSMKUrpjo,1,relax,relax,4,4
Dataset2/DS2_train_match/,13u_nOqmGB4,1,relax,relax,4,4
Dataset2/DS2_train_match/,1m8kwUbOUCU,1,relax,relax,4,4
Dataset2/DS2_train_match/,EFSKwgBbYXc,1,relax,relax,4,4
Dataset2/DS2_train_match/,8fnjqazDZOI,1,relax,relax,4,4
Dataset2/DS2_train_match/,PxHIzlDA1IY,1,relax,relax,4,4
Dataset2/DS2_train_match/,7COAhOPRN9g,1,relax,relax,4,4
Dataset2/DS2_train_match/,HGtPGKsqEeA,1,relax,relax,4,4
Dataset2/DS2_train_match/,xNn2UdI-kvA,1,relax,relax,4,4
Dataset2/DS2_train_match/,LEAQ0AafpIs,1,relax,relax,4,4
Dataset2/DS2_train_match/,4F5FXnNH8Bg,1,relax,relax,4,4
Dataset2/DS2_train_match/,6AtDc4D9ZMQ,1,relax,relax,4,4
Dataset2/DS2_train_match/,-WmEwIJ6KU8,1,relax,relax,4,4
Dataset2/DS2_train_match/,K42WPWzcFPE,1,relax,relax,4,4
Dataset2/DS2_train_match/,JSHLZP2vKyE,1,relax,relax,4,4
Dataset2/DS2_train_match/,-FFBqC8voeI,1,relax,relax,4,4
Dataset2/DS2_train_match/,Ma7TXbUMENY,1,relax,relax,4,4
Dataset2/DS2_train_match/,vjmLbyoomz8,1,relax,relax,4,4
Dataset2/DS2_train_match/,18I0QC9mEuc,1,relax,relax,4,4
Dataset2/DS2_train_mismatch/,Oh9vAI3EhZ4_PAIR_0o26ikC3n7Q,0,exciting,fear,0,1
Dataset2/DS2_train_mismatch/,8GzdxTbxozI_PAIR_tSBpt7fMJYo,0,exciting,fear,0,1
Dataset2/DS2_train_mismatch/,8ClAThpl0aE_PAIR_yZJOQIw71lQ,0,exciting,fear,0,1
Dataset2/DS2_train_mismatch/,moIcA20kK08_PAIR_XYO4Ouw305A,0,exciting,fear,0,1
Dataset2/DS2_train_mismatch/,spOz8PhNc7Y_PAIR_oFGCLztIKzg,0,exciting,fear,0,1
Dataset2/DS2_train_mismatch/,oAydg5Z4kC0_PAIR_-PTRhnGpXO4,0,exciting,fear,0,1
Dataset2/DS2_train_mismatch/,cl8iSvU2jaA_PAIR_0MQmsSmIR3E,0,exciting,fear,0,1
Dataset2/DS2_train_mismatch/,vk6v0Rumt5M_PAIR_rC2r38Luo-4,0,exciting,fear,0,1
Dataset2/DS2_train_mismatch/,0q69j5T-laE_PAIR_5BbKm0JkTK0,0,exciting,tense,0,2
Dataset2/DS2_train_mismatch/,3nbB3F-OdSM_PAIR_mBRr_TqLDf4,0,exciting,tense,0,2
Dataset2/DS2_train_mismatch/,0UGvctG2348_PAIR_1N8rGI-bSv8,0,exciting,tense,0,2
Dataset2/DS2_train_mismatch/,8hwM6-jIJt8_PAIR_7CBaJFcqnPc,0,exciting,tense,0,2
Dataset2/DS2_train_mismatch/,0ZDGFjQLbHA_PAIR_8mIMzGaYZas,0,exciting,tense,0,2
Dataset2/DS2_train_mismatch/,Yxno24B-eGc_PAIR_-mOU5IlCFT8,0,exciting,tense,0,2
Dataset2/DS2_train_mismatch/,8ZmjHxUzsUU_PAIR_-DSkHpYgmn0,0,exciting,tense,0,2
Dataset2/DS2_train_mismatch/,Rvvzz-thm4I_PAIR_-jsHUoJmdGE,0,exciting,tense,0,2
Dataset2/DS2_train_mismatch/,bZzCIbCm6Zw_PAIR_0NbqBn6p62Y,0,exciting,tense,0,2
Dataset2/DS2_train_mismatch/,9FuSQ1Qeuyo_PAIR_opeJDmTN_Q0,0,exciting,sad,0,3
Dataset2/DS2_train_mismatch/,-5iv1PJ71iA_PAIR_jVDaWyd3f68,0,exciting,sad,0,3
Dataset2/DS2_train_mismatch/,NF0JfWr1wPI_PAIR_Hn0lzAesMAE,0,exciting,sad,0,3
Dataset2/DS2_train_mismatch/,YyxX7b0D3zA_PAIR_1ACvIMrfYxw,0,exciting,sad,0,3
Dataset2/DS2_train_mismatch/,-o8ii7IWtuo_PAIR_NCfgWG-FbP8,0,exciting,sad,0,3
Dataset2/DS2_train_mismatch/,u8IQQL_9e64_PAIR_He4KFixwTws,0,exciting,sad,0,3
Dataset2/DS2_train_mismatch/,2erlK6fla9k_PAIR_vp6p45b-038,0,exciting,sad,0,3
Dataset2/DS2_train_mismatch/,7SzcS9aoFDo_PAIR_0ZwODRLG4v4,0,exciting,sad,0,3
Dataset2/DS2_train_mismatch/,nnG8zc5rgTA_PAIR_r9m76JpZTRQ,0,exciting,sad,0,3
Dataset2/DS2_train_mismatch/,03l3TPRBSBw_PAIR__gYt_seApnM,0,exciting,sad,0,3
Dataset2/DS2_train_mismatch/,4IcJ4-ldsTo_PAIR_HzU-zjJOXTs,0,exciting,sad,0,3
Dataset2/DS2_train_mismatch/,xEl2m3GuaUY_PAIR_BJs1s34zg54,0,exciting,sad,0,3
Dataset2/DS2_train_mismatch/,w7-GaWS1h_0_PAIR_0R43ZaLTxGI,0,exciting,sad,0,3
Dataset2/DS2_train_mismatch/,ZXz5FGg9Y9A_PAIR_4lGTTFGgiRk,0,exciting,sad,0,3
Dataset2/DS2_train_mismatch/,-1-5kAGOP48_PAIR_gm3UFMOUVlI,0,exciting,sad,0,3
Dataset2/DS2_train_mismatch/,0CZWMhO0PnA_PAIR_vRApFLsU4Us,0,exciting,sad,0,3
Dataset2/DS2_train_mismatch/,6oh6THcnJFk_PAIR_tNbuSLR37kE,0,exciting,sad,0,3
Dataset2/DS2_train_mismatch/,nvUkRofR1yg_PAIR_qccGnyiSGnw,0,exciting,sad,0,3
Dataset2/DS2_train_mismatch/,0BIgjLgiK0g_PAIR_Vr02m06n6fQ,0,exciting,sad,0,3
Dataset2/DS2_train_mismatch/,0LE6Ll1rVlg_PAIR_5cctB0haiFI,0,exciting,sad,0,3
Dataset2/DS2_train_mismatch/,LOm4kAHuWHc_PAIR_8vcbMEW9CkI,0,exciting,sad,0,3
Dataset2/DS2_train_mismatch/,5jJHCtQYpYE_PAIR_HP5CD_plWRM,0,exciting,sad,0,3
Dataset2/DS2_train_mismatch/,NKVMFvItvCc_PAIR_1FpP1binbLA,0,exciting,sad,0,3
Dataset2/DS2_train_mismatch/,0KI6hayBYCo_PAIR_2aEh9PqrKv0,0,exciting,sad,0,3
Dataset2/DS2_train_mismatch/,OKlEwZ4UEJk_PAIR_U4kVbApt-2M,0,exciting,sad,0,3
Dataset2/DS2_train_mismatch/,H2FV4TOFg-4_PAIR_RlcIJsgtU58,0,exciting,sad,0,3
Dataset2/DS2_train_mismatch/,KVms697hZRc_PAIR_9eG7sjFAlIQ,0,exciting,sad,0,3
Dataset2/DS2_train_mismatch/,1BwmgXuOFrc_PAIR_05e9IKGUHGI,0,exciting,sad,0,3
Dataset2/DS2_train_mismatch/,0uDaJfg8DEM_PAIR_YSmat1o2Wyc,0,exciting,sad,0,3
Dataset2/DS2_train_mismatch/,mo3WVs4SR60_PAIR_bmnrobzK5Xs,0,exciting,sad,0,3
Dataset2/DS2_train_mismatch/,rM_FMJSV34E_PAIR_LhDhkZAUJvE,0,exciting,sad,0,3
Dataset2/DS2_train_mismatch/,Hcdh8_q-StY_PAIR_ZuFHXUkKuG4,0,exciting,sad,0,3
Dataset2/DS2_train_mismatch/,FxLti1-_m18_PAIR_4HMMAP4pZlQ,0,exciting,sad,0,3
Dataset2/DS2_train_mismatch/,xXlyzvGSZzU_PAIR_4r-UGOsUqs8,0,exciting,sad,0,3
Dataset2/DS2_train_mismatch/,fqwjCPEXU5E_PAIR_TIT1urd-G7k,0,exciting,sad,0,3
Dataset2/DS2_train_mismatch/,M0d1xZpEQ8s_PAIR_C2bc7BREfvo,0,exciting,sad,0,3
Dataset2/DS2_train_mismatch/,050voiKWO4M_PAIR_-1Gj_gWBqwc,0,exciting,sad,0,3
Dataset2/DS2_train_mismatch/,-nX3V5QUeEg_PAIR_ssTl7waY1SM,0,exciting,sad,0,3
Dataset2/DS2_train_mismatch/,l28fwxwu__M_PAIR_9c5amL1sjic,0,exciting,sad,0,3
Dataset2/DS2_train_mismatch/,07uXEPTSH94_PAIR_RLAaaA5pEGE,0,exciting,sad,0,3
Dataset2/DS2_train_mismatch/,Pr1UZd2biMI_PAIR_0ZljNvefnMU,0,exciting,relax,0,4
Dataset2/DS2_train_mismatch/,i1WASxXyBrw_PAIR_TdM9yofAyjM,0,exciting,relax,0,4
Dataset2/DS2_train_mismatch/,mXKRRJSBmo8_PAIR_1TGbS-HttPU,0,exciting,relax,0,4
Dataset2/DS2_train_mismatch/,10QCSdzZCKs_PAIR_OOtzKUviUtY,0,exciting,relax,0,4
Dataset2/DS2_train_mismatch/,3_BaY7bxi8s_PAIR_fDi0RrhE1VU,0,exciting,relax,0,4
Dataset2/DS2_train_mismatch/,aItOEVYnpHA_PAIR_ouD5qvGDx90,0,exciting,relax,0,4
Dataset2/DS2_train_mismatch/,o-2tMnfF3dM_PAIR_3H2Hq80zUio,0,exciting,relax,0,4
Dataset2/DS2_train_mismatch/,6A-BrLKmsJY_PAIR_D9f6soBgRTA,0,exciting,relax,0,4
Dataset2/DS2_train_mismatch/,BCdLTNK_S0c_PAIR__mqwuuokCvI,0,exciting,relax,0,4
Dataset2/DS2_train_mismatch/,PKoAtTZ1dDI_PAIR_WO1mydPq9hA,0,exciting,relax,0,4
Dataset2/DS2_train_mismatch/,3K6GQ55DgYo_PAIR_0CBYpJUQKrU,0,exciting,relax,0,4
Dataset2/DS2_train_mismatch/,-OHgKC-fXJE_PAIR_aKWqkVa1EYo,0,exciting,relax,0,4
Dataset2/DS2_train_mismatch/,0s93KjjziWA_PAIR_2HVd_H2X08M,0,exciting,relax,0,4
Dataset2/DS2_train_mismatch/,PULwKP0rehI_PAIR_DEP4JY7Jj4c,0,exciting,relax,0,4
Dataset2/DS2_train_mismatch/,Yo2vp6Wudvk_PAIR_0LG4AFovQas,0,exciting,relax,0,4
Dataset2/DS2_train_mismatch/,5NUH1EF6YlE_PAIR_1XbcJ1PMJoo,0,exciting,relax,0,4
Dataset2/DS2_train_mismatch/,5K6Ve6HOzes_PAIR_Zdd-ZoKtbwE,0,exciting,relax,0,4
Dataset2/DS2_train_mismatch/,Qf87MJcWZQI_PAIR_-US3yUZ6sqo,0,exciting,relax,0,4
Dataset2/DS2_train_mismatch/,1_gyCBNqPvU_PAIR_75nIIciQM0o,0,exciting,relax,0,4
Dataset2/DS2_train_mismatch/,86TEDs0oGw8_PAIR_75jn0WfNSwA,0,exciting,relax,0,4
Dataset2/DS2_train_mismatch/,1Z5pxfQQh5o_PAIR_MYCEg5nFm_g,0,exciting,relax,0,4
Dataset2/DS2_train_mismatch/,-8LJg-HItvU_PAIR_0njMZxsokJs,0,exciting,relax,0,4
Dataset2/DS2_train_mismatch/,Bt1Khru2fZg_PAIR_JLgqZnwyuLM,0,exciting,relax,0,4
Dataset2/DS2_train_mismatch/,FdqS0SPUYEM_PAIR_5WgkqwFOqew,0,exciting,relax,0,4
Dataset2/DS2_train_mismatch/,EeDBYMliaD0_PAIR_KlhfEuvYeAw,0,exciting,relax,0,4
Dataset2/DS2_train_mismatch/,5Ny4QcagyHM_PAIR_1O4_6hglXiM,0,exciting,relax,0,4
Dataset2/DS2_train_mismatch/,1lTYK0J8izM_PAIR_8t1itGJ8Zpc,0,exciting,relax,0,4
Dataset2/DS2_train_mismatch/,7AfyI_YiRbI_PAIR_ECA9w-pl650,0,exciting,relax,0,4
Dataset2/DS2_train_mismatch/,06INsMFPwnI_PAIR_1JB787y_bxQ,0,exciting,relax,0,4
Dataset2/DS2_train_mismatch/,hMhz4Egxx6U_PAIR_XHv2M4l7nuQ,0,exciting,relax,0,4
Dataset2/DS2_train_mismatch/,0nYL_mo3qQc_PAIR_oUHBNGBbMmQ,0,exciting,relax,0,4
Dataset2/DS2_train_mismatch/,-efZL0rijvc_PAIR_u84Hjm9n4tc,0,exciting,relax,0,4
Dataset2/DS2_train_mismatch/,0rw9PBpmVNs_PAIR_75OapSacWRI,0,exciting,relax,0,4
Dataset2/DS2_train_mismatch/,35iZsw4c0OU_PAIR_xdEw-NhAlTQ,0,fear,sad,1,3
Dataset2/DS2_train_mismatch/,vuYuMOxxgIA_PAIR_AI9YC9rGYws,0,fear,sad,1,3
Dataset2/DS2_train_mismatch/,4AzHvXdKkFE_PAIR_kV5wzwEo4_0,0,fear,sad,1,3
Dataset2/DS2_train_mismatch/,a-NwiOuyQwc_PAIR_P3JyEBM9ovk,0,fear,sad,1,3
Dataset2/DS2_train_mismatch/,tPW7n7aNBWI_PAIR_rKmqoH2Jg30,0,fear,sad,1,3
Dataset2/DS2_train_mismatch/,6Q5cvhNfIJ8_PAIR_-DZWsyuVG5c,0,fear,sad,1,3
Dataset2/DS2_train_mismatch/,ZOfENKzD0fg_PAIR_NGB04jNtYjc,0,fear,sad,1,3
Dataset2/DS2_train_mismatch/,nX7-nXOeEVo_PAIR_0jsCRjAsIJ4,0,fear,relax,1,4
Dataset2/DS2_train_mismatch/,TeRJLcGazIw_PAIR_20GfZLXrqHA,0,fear,relax,1,4
Dataset2/DS2_train_mismatch/,K5mxaGokLvs_PAIR_OSVX0Qnb9GM,0,fear,relax,1,4
Dataset2/DS2_train_mismatch/,ZocCGcJcGJE_PAIR_3QVeyICM7mU,0,fear,relax,1,4
Dataset2/DS2_train_mismatch/,VnfEj6x-c1A_PAIR_hEhuGB_i6XA,0,fear,relax,1,4
Dataset2/DS2_train_mismatch/,zkYXE0-JsY4_PAIR_2RnO-0jIggw,0,fear,relax,1,4
Dataset2/DS2_train_mismatch/,y_ebADPOhHE_PAIR_JBe-Ylboot4,0,fear,relax,1,4
Dataset2/DS2_train_mismatch/,0o26ikC3n7Q_PAIR_Oh9vAI3EhZ4,0,fear,exciting,1,0
Dataset2/DS2_train_mismatch/,tSBpt7fMJYo_PAIR_8GzdxTbxozI,0,fear,exciting,1,0
Dataset2/DS2_train_mismatch/,yZJOQIw71lQ_PAIR_8ClAThpl0aE,0,fear,exciting,1,0
Dataset2/DS2_train_mismatch/,XYO4Ouw305A_PAIR_moIcA20kK08,0,fear,exciting,1,0
Dataset2/DS2_train_mismatch/,oFGCLztIKzg_PAIR_spOz8PhNc7Y,0,fear,exciting,1,0
Dataset2/DS2_train_mismatch/,-PTRhnGpXO4_PAIR_oAydg5Z4kC0,0,fear,exciting,1,0
Dataset2/DS2_train_mismatch/,0MQmsSmIR3E_PAIR_cl8iSvU2jaA,0,fear,exciting,1,0
Dataset2/DS2_train_mismatch/,rC2r38Luo-4_PAIR_vk6v0Rumt5M,0,fear,exciting,1,0
Dataset2/DS2_train_mismatch/,0Pqj15CArnU_PAIR__O2AqBN4Kks,0,tense,sad,2,3
Dataset2/DS2_train_mismatch/,vpyW55OfwJA_PAIR_4etn200kvI0,0,tense,sad,2,3
Dataset2/DS2_train_mismatch/,uy6Xm5cyKZM_PAIR_AXO2m6VNsTI,0,tense,sad,2,3
Dataset2/DS2_train_mismatch/,qggyyVSdF8E_PAIR_wrurSQhdqa8,0,tense,sad,2,3
Dataset2/DS2_train_mismatch/,2a2fWpEKRsY_PAIR_cyW8ujtM3yg,0,tense,sad,2,3
Dataset2/DS2_train_mismatch/,d43Plca59Gw_PAIR_VVu_hwgz6hw,0,tense,sad,2,3
Dataset2/DS2_train_mismatch/,eq3e22AVdhA_PAIR_gJjMhPRHj8Y,0,tense,sad,2,3
Dataset2/DS2_train_mismatch/,1GenA8K5f5o_PAIR_hBoiIunLQPY,0,tense,sad,2,3
Dataset2/DS2_train_mismatch/,FExV0h8pzUY_PAIR_YD1SBZC6TtM,0,tense,sad,2,3
Dataset2/DS2_train_mismatch/,EdtXqc3Z5FQ_PAIR_YIFcZa6UGj0,0,tense,sad,2,3
Dataset2/DS2_train_mismatch/,iCHskFoUvbw_PAIR_PEsl3DtDIjs,0,tense,relax,2,4
Dataset2/DS2_train_mismatch/,h80f_HJFhig_PAIR_-P1mi1gZQxk,0,tense,relax,2,4
Dataset2/DS2_train_mismatch/,EWIOkrY5PHc_PAIR_0X7xp0hBpxc,0,tense,relax,2,4
Dataset2/DS2_train_mismatch/,ljVXAtgLF4k_PAIR_5UXnulANF8g,0,tense,relax,2,4
Dataset2/DS2_train_mismatch/,xz8CT9ofqZ0_PAIR_dat_ubBlBYY,0,tense,relax,2,4
Dataset2/DS2_train_mismatch/,0-NDrA9JGQA_PAIR_TF62JMmVXE0,0,tense,relax,2,4
Dataset2/DS2_train_mismatch/,1WTu2xaXgnQ_PAIR_1pghaXjSrl8,0,tense,relax,2,4
Dataset2/DS2_train_mismatch/,5keRbrVx-G4_PAIR_4qvHc7m5Z_Q,0,tense,relax,2,4
Dataset2/DS2_train_mismatch/,w6zHc6nRJ0o_PAIR_KU6PFM4-Gcg,0,tense,relax,2,4
Dataset2/DS2_train_mismatch/,3ngXtCp9BK4_PAIR_bcch_OcES9k,0,tense,relax,2,4
Dataset2/DS2_train_mismatch/,5BbKm0JkTK0_PAIR_0q69j5T-laE,0,tense,exciting,2,0
Dataset2/DS2_train_mismatch/,mBRr_TqLDf4_PAIR_3nbB3F-OdSM,0,tense,exciting,2,0
Dataset2/DS2_train_mismatch/,1N8rGI-bSv8_PAIR_0UGvctG2348,0,tense,exciting,2,0
Dataset2/DS2_train_mismatch/,7CBaJFcqnPc_PAIR_8hwM6-jIJt8,0,tense,exciting,2,0
Dataset2/DS2_train_mismatch/,8mIMzGaYZas_PAIR_0ZDGFjQLbHA,0,tense,exciting,2,0
Dataset2/DS2_train_mismatch/,-mOU5IlCFT8_PAIR_Yxno24B-eGc,0,tense,exciting,2,0
Dataset2/DS2_train_mismatch/,-DSkHpYgmn0_PAIR_8ZmjHxUzsUU,0,tense,exciting,2,0
Dataset2/DS2_train_mismatch/,-jsHUoJmdGE_PAIR_Rvvzz-thm4I,0,tense,exciting,2,0
Dataset2/DS2_train_mismatch/,0NbqBn6p62Y_PAIR_bZzCIbCm6Zw,0,tense,exciting,2,0
Dataset2/DS2_train_mismatch/,_O2AqBN4Kks_PAIR_0Pqj15CArnU,0,sad,tense,3,2
Dataset2/DS2_train_mismatch/,4etn200kvI0_PAIR_vpyW55OfwJA,0,sad,tense,3,2
Dataset2/DS2_train_mismatch/,AXO2m6VNsTI_PAIR_uy6Xm5cyKZM,0,sad,tense,3,2
Dataset2/DS2_train_mismatch/,wrurSQhdqa8_PAIR_qggyyVSdF8E,0,sad,tense,3,2
Dataset2/DS2_train_mismatch/,cyW8ujtM3yg_PAIR_2a2fWpEKRsY,0,sad,tense,3,2
Dataset2/DS2_train_mismatch/,VVu_hwgz6hw_PAIR_d43Plca59Gw,0,sad,tense,3,2
Dataset2/DS2_train_mismatch/,gJjMhPRHj8Y_PAIR_eq3e22AVdhA,0,sad,tense,3,2
Dataset2/DS2_train_mismatch/,hBoiIunLQPY_PAIR_1GenA8K5f5o,0,sad,tense,3,2
Dataset2/DS2_train_mismatch/,YD1SBZC6TtM_PAIR_FExV0h8pzUY,0,sad,tense,3,2
Dataset2/DS2_train_mismatch/,YIFcZa6UGj0_PAIR_EdtXqc3Z5FQ,0,sad,tense,3,2
Dataset2/DS2_train_mismatch/,xdEw-NhAlTQ_PAIR_35iZsw4c0OU,0,sad,fear,3,1
Dataset2/DS2_train_mismatch/,AI9YC9rGYws_PAIR_vuYuMOxxgIA,0,sad,fear,3,1
Dataset2/DS2_train_mismatch/,kV5wzwEo4_0_PAIR_4AzHvXdKkFE,0,sad,fear,3,1
Dataset2/DS2_train_mismatch/,P3JyEBM9ovk_PAIR_a-NwiOuyQwc,0,sad,fear,3,1
Dataset2/DS2_train_mismatch/,rKmqoH2Jg30_PAIR_tPW7n7aNBWI,0,sad,fear,3,1
Dataset2/DS2_train_mismatch/,-DZWsyuVG5c_PAIR_6Q5cvhNfIJ8,0,sad,fear,3,1
Dataset2/DS2_train_mismatch/,NGB04jNtYjc_PAIR_ZOfENKzD0fg,0,sad,fear,3,1
Dataset2/DS2_train_mismatch/,opeJDmTN_Q0_PAIR_9FuSQ1Qeuyo,0,sad,exciting,3,0
Dataset2/DS2_train_mismatch/,jVDaWyd3f68_PAIR_-5iv1PJ71iA,0,sad,exciting,3,0
Dataset2/DS2_train_mismatch/,Hn0lzAesMAE_PAIR_NF0JfWr1wPI,0,sad,exciting,3,0
Dataset2/DS2_train_mismatch/,1ACvIMrfYxw_PAIR_YyxX7b0D3zA,0,sad,exciting,3,0
Dataset2/DS2_train_mismatch/,NCfgWG-FbP8_PAIR_-o8ii7IWtuo,0,sad,exciting,3,0
Dataset2/DS2_train_mismatch/,He4KFixwTws_PAIR_u8IQQL_9e64,0,sad,exciting,3,0
Dataset2/DS2_train_mismatch/,vp6p45b-038_PAIR_2erlK6fla9k,0,sad,exciting,3,0
Dataset2/DS2_train_mismatch/,0ZwODRLG4v4_PAIR_7SzcS9aoFDo,0,sad,exciting,3,0
Dataset2/DS2_train_mismatch/,r9m76JpZTRQ_PAIR_nnG8zc5rgTA,0,sad,exciting,3,0
Dataset2/DS2_train_mismatch/,_gYt_seApnM_PAIR_03l3TPRBSBw,0,sad,exciting,3,0
Dataset2/DS2_train_mismatch/,HzU-zjJOXTs_PAIR_4IcJ4-ldsTo,0,sad,exciting,3,0
Dataset2/DS2_train_mismatch/,BJs1s34zg54_PAIR_xEl2m3GuaUY,0,sad,exciting,3,0
Dataset2/DS2_train_mismatch/,0R43ZaLTxGI_PAIR_w7-GaWS1h_0,0,sad,exciting,3,0
Dataset2/DS2_train_mismatch/,4lGTTFGgiRk_PAIR_ZXz5FGg9Y9A,0,sad,exciting,3,0
Dataset2/DS2_train_mismatch/,gm3UFMOUVlI_PAIR_-1-5kAGOP48,0,sad,exciting,3,0
Dataset2/DS2_train_mismatch/,vRApFLsU4Us_PAIR_0CZWMhO0PnA,0,sad,exciting,3,0
Dataset2/DS2_train_mismatch/,tNbuSLR37kE_PAIR_6oh6THcnJFk,0,sad,exciting,3,0
Dataset2/DS2_train_mismatch/,qccGnyiSGnw_PAIR_nvUkRofR1yg,0,sad,exciting,3,0
Dataset2/DS2_train_mismatch/,Vr02m06n6fQ_PAIR_0BIgjLgiK0g,0,sad,exciting,3,0
Dataset2/DS2_train_mismatch/,5cctB0haiFI_PAIR_0LE6Ll1rVlg,0,sad,exciting,3,0
Dataset2/DS2_train_mismatch/,8vcbMEW9CkI_PAIR_LOm4kAHuWHc,0,sad,exciting,3,0
Dataset2/DS2_train_mismatch/,HP5CD_plWRM_PAIR_5jJHCtQYpYE,0,sad,exciting,3,0
Dataset2/DS2_train_mismatch/,1FpP1binbLA_PAIR_NKVMFvItvCc,0,sad,exciting,3,0
Dataset2/DS2_train_mismatch/,2aEh9PqrKv0_PAIR_0KI6hayBYCo,0,sad,exciting,3,0
Dataset2/DS2_train_mismatch/,U4kVbApt-2M_PAIR_OKlEwZ4UEJk,0,sad,exciting,3,0
Dataset2/DS2_train_mismatch/,RlcIJsgtU58_PAIR_H2FV4TOFg-4,0,sad,exciting,3,0
Dataset2/DS2_train_mismatch/,9eG7sjFAlIQ_PAIR_KVms697hZRc,0,sad,exciting,3,0
Dataset2/DS2_train_mismatch/,05e9IKGUHGI_PAIR_1BwmgXuOFrc,0,sad,exciting,3,0
Dataset2/DS2_train_mismatch/,YSmat1o2Wyc_PAIR_0uDaJfg8DEM,0,sad,exciting,3,0
Dataset2/DS2_train_mismatch/,bmnrobzK5Xs_PAIR_mo3WVs4SR60,0,sad,exciting,3,0
Dataset2/DS2_train_mismatch/,LhDhkZAUJvE_PAIR_rM_FMJSV34E,0,sad,exciting,3,0
Dataset2/DS2_train_mismatch/,ZuFHXUkKuG4_PAIR_Hcdh8_q-StY,0,sad,exciting,3,0
Dataset2/DS2_train_mismatch/,4HMMAP4pZlQ_PAIR_FxLti1-_m18,0,sad,exciting,3,0
Dataset2/DS2_train_mismatch/,4r-UGOsUqs8_PAIR_xXlyzvGSZzU,0,sad,exciting,3,0
Dataset2/DS2_train_mismatch/,TIT1urd-G7k_PAIR_fqwjCPEXU5E,0,sad,exciting,3,0
Dataset2/DS2_train_mismatch/,C2bc7BREfvo_PAIR_M0d1xZpEQ8s,0,sad,exciting,3,0
Dataset2/DS2_train_mismatch/,-1Gj_gWBqwc_PAIR_050voiKWO4M,0,sad,exciting,3,0
Dataset2/DS2_train_mismatch/,ssTl7waY1SM_PAIR_-nX3V5QUeEg,0,sad,exciting,3,0
Dataset2/DS2_train_mismatch/,9c5amL1sjic_PAIR_l28fwxwu__M,0,sad,exciting,3,0
Dataset2/DS2_train_mismatch/,RLAaaA5pEGE_PAIR_07uXEPTSH94,0,sad,exciting,3,0
Dataset2/DS2_train_mismatch/,0jsCRjAsIJ4_PAIR_nX7-nXOeEVo,0,relax,fear,4,1
Dataset2/DS2_train_mismatch/,20GfZLXrqHA_PAIR_TeRJLcGazIw,0,relax,fear,4,1
Dataset2/DS2_train_mismatch/,OSVX0Qnb9GM_PAIR_K5mxaGokLvs,0,relax,fear,4,1
Dataset2/DS2_train_mismatch/,3QVeyICM7mU_PAIR_ZocCGcJcGJE,0,relax,fear,4,1
Dataset2/DS2_train_mismatch/,hEhuGB_i6XA_PAIR_VnfEj6x-c1A,0,relax,fear,4,1
Dataset2/DS2_train_mismatch/,2RnO-0jIggw_PAIR_zkYXE0-JsY4,0,relax,fear,4,1
Dataset2/DS2_train_mismatch/,JBe-Ylboot4_PAIR_y_ebADPOhHE,0,relax,fear,4,1
Dataset2/DS2_train_mismatch/,PEsl3DtDIjs_PAIR_iCHskFoUvbw,0,relax,tense,4,2
Dataset2/DS2_train_mismatch/,-P1mi1gZQxk_PAIR_h80f_HJFhig,0,relax,tense,4,2
Dataset2/DS2_train_mismatch/,0X7xp0hBpxc_PAIR_EWIOkrY5PHc,0,relax,tense,4,2
Dataset2/DS2_train_mismatch/,5UXnulANF8g_PAIR_ljVXAtgLF4k,0,relax,tense,4,2
Dataset2/DS2_train_mismatch/,dat_ubBlBYY_PAIR_xz8CT9ofqZ0,0,relax,tense,4,2
Dataset2/DS2_train_mismatch/,TF62JMmVXE0_PAIR_0-NDrA9JGQA,0,relax,tense,4,2
Dataset2/DS2_train_mismatch/,1pghaXjSrl8_PAIR_1WTu2xaXgnQ,0,relax,tense,4,2
Dataset2/DS2_train_mismatch/,4qvHc7m5Z_Q_PAIR_5keRbrVx-G4,0,relax,tense,4,2
Dataset2/DS2_train_mismatch/,KU6PFM4-Gcg_PAIR_w6zHc6nRJ0o,0,relax,tense,4,2
Dataset2/DS2_train_mismatch/,bcch_OcES9k_PAIR_3ngXtCp9BK4,0,relax,tense,4,2
Dataset2/DS2_train_mismatch/,0ZljNvefnMU_PAIR_Pr1UZd2biMI,0,relax,exciting,4,0
Dataset2/DS2_train_mismatch/,TdM9yofAyjM_PAIR_i1WASxXyBrw,0,relax,exciting,4,0
Dataset2/DS2_train_mismatch/,1TGbS-HttPU_PAIR_mXKRRJSBmo8,0,relax,exciting,4,0
Dataset2/DS2_train_mismatch/,OOtzKUviUtY_PAIR_10QCSdzZCKs,0,relax,exciting,4,0
Dataset2/DS2_train_mismatch/,fDi0RrhE1VU_PAIR_3_BaY7bxi8s,0,relax,exciting,4,0
Dataset2/DS2_train_mismatch/,ouD5qvGDx90_PAIR_aItOEVYnpHA,0,relax,exciting,4,0
Dataset2/DS2_train_mismatch/,3H2Hq80zUio_PAIR_o-2tMnfF3dM,0,relax,exciting,4,0
Dataset2/DS2_train_mismatch/,D9f6soBgRTA_PAIR_6A-BrLKmsJY,0,relax,exciting,4,0
Dataset2/DS2_train_mismatch/,_mqwuuokCvI_PAIR_BCdLTNK_S0c,0,relax,exciting,4,0
Dataset2/DS2_train_mismatch/,WO1mydPq9hA_PAIR_PKoAtTZ1dDI,0,relax,exciting,4,0
Dataset2/DS2_train_mismatch/,0CBYpJUQKrU_PAIR_3K6GQ55DgYo,0,relax,exciting,4,0
Dataset2/DS2_train_mismatch/,aKWqkVa1EYo_PAIR_-OHgKC-fXJE,0,relax,exciting,4,0
Dataset2/DS2_train_mismatch/,2HVd_H2X08M_PAIR_0s93KjjziWA,0,relax,exciting,4,0
Dataset2/DS2_train_mismatch/,DEP4JY7Jj4c_PAIR_PULwKP0rehI,0,relax,exciting,4,0
Dataset2/DS2_train_mismatch/,0LG4AFovQas_PAIR_Yo2vp6Wudvk,0,relax,exciting,4,0
Dataset2/DS2_train_mismatch/,1XbcJ1PMJoo_PAIR_5NUH1EF6YlE,0,relax,exciting,4,0
Dataset2/DS2_train_mismatch/,Zdd-ZoKtbwE_PAIR_5K6Ve6HOzes,0,relax,exciting,4,0
Dataset2/DS2_train_mismatch/,-US3yUZ6sqo_PAIR_Qf87MJcWZQI,0,relax,exciting,4,0
Dataset2/DS2_train_mismatch/,75nIIciQM0o_PAIR_1_gyCBNqPvU,0,relax,exciting,4,0
Dataset2/DS2_train_mismatch/,75jn0WfNSwA_PAIR_86TEDs0oGw8,0,relax,exciting,4,0
Dataset2/DS2_train_mismatch/,MYCEg5nFm_g_PAIR_1Z5pxfQQh5o,0,relax,exciting,4,0
Dataset2/DS2_train_mismatch/,0njMZxsokJs_PAIR_-8LJg-HItvU,0,relax,exciting,4,0
Dataset2/DS2_train_mismatch/,JLgqZnwyuLM_PAIR_Bt1Khru2fZg,0,relax,exciting,4,0
Dataset2/DS2_train_mismatch/,5WgkqwFOqew_PAIR_FdqS0SPUYEM,0,relax,exciting,4,0
Dataset2/DS2_train_mismatch/,KlhfEuvYeAw_PAIR_EeDBYMliaD0,0,relax,exciting,4,0
Dataset2/DS2_train_mismatch/,1O4_6hglXiM_PAIR_5Ny4QcagyHM,0,relax,exciting,4,0
Dataset2/DS2_train_mismatch/,8t1itGJ8Zpc_PAIR_1lTYK0J8izM,0,relax,exciting,4,0
Dataset2/DS2_train_mismatch/,ECA9w-pl650_PAIR_7AfyI_YiRbI,0,relax,exciting,4,0
Dataset2/DS2_train_mismatch/,1JB787y_bxQ_PAIR_06INsMFPwnI,0,relax,exciting,4,0
Dataset2/DS2_train_mismatch/,XHv2M4l7nuQ_PAIR_hMhz4Egxx6U,0,relax,exciting,4,0
Dataset2/DS2_train_mismatch/,oUHBNGBbMmQ_PAIR_0nYL_mo3qQc,0,relax,exciting,4,0
Dataset2/DS2_train_mismatch/,u84Hjm9n4tc_PAIR_-efZL0rijvc,0,relax,exciting,4,0
Dataset2/DS2_train_mismatch/,75OapSacWRI_PAIR_0rw9PBpmVNs,0,relax,exciting,4,0
